[
  {
    "id": 1,
    "Name": "karthik",
    "Email": "karthik@gmail.com",
    "Phone": "8143628288",
    "GitHub": "www.gogle.com",
    "Time": "00:00:03",
    "Timestamp": "2024-06-20T11:34:17.834Z"
  },
  {
    "id": 2,
    "Name": "narendra",
    "Email": "naren@gmail.com",
    "Phone": "8143628288",
    "GitHub": "www.google.com",
    "Time": "00:00:05",
    "Timestamp": "2024-06-21T04:31:56.819Z"
  },
  {
    "id": 3,
    "Name": "narendra varma",
    "Email": "narendravarna2004@gmail.com",
    "Phone": "7013881038",
    "GitHub": "www.github.com",
    "Time": "00:00:29",
    "Timestamp": "2024-06-21T07:48:53.757Z"
  }
]